Mesa,Codigo,Link
1,kJ3Srl,https://menu.hotelcentralparque.com.br/?kJ3Srl
2,xDQS5k,https://menu.hotelcentralparque.com.br/?xDQS5k
3,1nAS6l,https://menu.hotelcentralparque.com.br/?1nAS6l
4,xRdSVl,https://menu.hotelcentralparque.com.br/?xRdSVl
5,1XKSNl,https://menu.hotelcentralparque.com.br/?1XKSNl
6,ljLSWx,https://menu.hotelcentralparque.com.br/?ljLSWx
7,la4S2k,https://menu.hotelcentralparque.com.br/?la4S2k
8,x6JS7x,https://menu.hotelcentralparque.com.br/?x6JS7x
9,144SR1,https://menu.hotelcentralparque.com.br/?144SR1
10,x0GS21,https://menu.hotelcentralparque.com.br/?x0GS21
11,kPBSo1,https://menu.hotelcentralparque.com.br/?kPBSo1
12,19jSDx,https://menu.hotelcentralparque.com.br/?19jSDx
13,kbRSNk,https://menu.hotelcentralparque.com.br/?kbRSNk
14,1oqSJk,https://menu.hotelcentralparque.com.br/?1oqSJk
15,lQvSP1,https://menu.hotelcentralparque.com.br/?lQvSP1
16,kW2S5x,https://menu.hotelcentralparque.com.br/?kW2S5x
17,1d2S2k,https://menu.hotelcentralparque.com.br/?1d2S2k
18,xLrSnl,https://menu.hotelcentralparque.com.br/?xLrSnl
19,1VDSBk,https://menu.hotelcentralparque.com.br/?1VDSBk
20,15aSO1,https://menu.hotelcentralparque.com.br/?15aSO1
21,xMmSgx,https://menu.hotelcentralparque.com.br/?xMmSgx
22,17RSrl,https://menu.hotelcentralparque.com.br/?17RSrl
23,1rySQl,https://menu.hotelcentralparque.com.br/?1rySQl
24,xvBSYx,https://menu.hotelcentralparque.com.br/?xvBSYx
25,1pBSQk,https://menu.hotelcentralparque.com.br/?1pBSQk
26,1wzSol,https://menu.hotelcentralparque.com.br/?1wzSol
27,xKrSV1,https://menu.hotelcentralparque.com.br/?xKrSV1
28,k3dSwl,https://menu.hotelcentralparque.com.br/?k3dSwl
29,k2WSrl,https://menu.hotelcentralparque.com.br/?k2WSrl
30,lNYSJk,https://menu.hotelcentralparque.com.br/?lNYSJk
31,lmPS9k,https://menu.hotelcentralparque.com.br/?lmPS9k
32,1YbS8x,https://menu.hotelcentralparque.com.br/?1YbS8x
33,kZjSyk,https://menu.hotelcentralparque.com.br/?kZjSyk
34,x85SKk,https://menu.hotelcentralparque.com.br/?x85SKk
35,xGNSz1,https://menu.hotelcentralparque.com.br/?xGNSz1
36,kgXS7l,https://menu.hotelcentralparque.com.br/?kgXS7l
37,xyeSXx,https://menu.hotelcentralparque.com.br/?xyeSXx
38,lzzS7l,https://menu.hotelcentralparque.com.br/?lzzS7l
39,1B3Syx,https://menu.hotelcentralparque.com.br/?1B3Syx
40,1qNS0x,https://menu.hotelcentralparque.com.br/?1qNS0x
41,xAPSW1,https://menu.hotelcentralparque.com.br/?xAPSW1
42,keySBk,https://menu.hotelcentralparque.com.br/?keySBk
43,lE9SRl,https://menu.hotelcentralparque.com.br/?lE9SRl
44,kOoSVe,https://menu.hotelcentralparque.com.br/?kOoSVe
45,kJ3Srr,https://menu.hotelcentralparque.com.br/?kJ3Srr
46,xDQS05,https://menu.hotelcentralparque.com.br/?xDQS05
47,1nASR6,https://menu.hotelcentralparque.com.br/?1nASR6
48,xRdSWV,https://menu.hotelcentralparque.com.br/?xRdSWV
49,1XKSVN,https://menu.hotelcentralparque.com.br/?1XKSVN
50,ljLSqW,https://menu.hotelcentralparque.com.br/?ljLSqW
51,la4SB2,https://menu.hotelcentralparque.com.br/?la4SB2
52,x6JS07,https://menu.hotelcentralparque.com.br/?x6JS07
53,144S6R,https://menu.hotelcentralparque.com.br/?144S6R
54,x0GSy2,https://menu.hotelcentralparque.com.br/?x0GSy2
55,kPBSZo,https://menu.hotelcentralparque.com.br/?kPBSZo
56,19jSnD,https://menu.hotelcentralparque.com.br/?19jSnD
57,kbRSmN,https://menu.hotelcentralparque.com.br/?kbRSmN
58,1oqSoJ,https://menu.hotelcentralparque.com.br/?1oqSoJ
59,lQvSZP,https://menu.hotelcentralparque.com.br/?lQvSZP
60,kW2Sm5,https://menu.hotelcentralparque.com.br/?kW2Sm5
61,1d2SB2,https://menu.hotelcentralparque.com.br/?1d2SB2
62,xLrSzn,https://menu.hotelcentralparque.com.br/?xLrSzn
63,1VDSrB,https://menu.hotelcentralparque.com.br/?1VDSrB
64,15aSrO,https://menu.hotelcentralparque.com.br/?15aSrO
65,xMmSog,https://menu.hotelcentralparque.com.br/?xMmSog
66,17RSwr,https://menu.hotelcentralparque.com.br/?17RSwr
67,1rySdQ,https://menu.hotelcentralparque.com.br/?1rySdQ
68,xvBSMY,https://menu.hotelcentralparque.com.br/?xvBSMY
69,1pBS6Q,https://menu.hotelcentralparque.com.br/?1pBS6Q
70,1wzSGo,https://menu.hotelcentralparque.com.br/?1wzSGo
71,xKrSGV,https://menu.hotelcentralparque.com.br/?xKrSGV
72,k3dS9w,https://menu.hotelcentralparque.com.br/?k3dS9w
73,k2WSdr,https://menu.hotelcentralparque.com.br/?k2WSdr
74,lNYSRJ,https://menu.hotelcentralparque.com.br/?lNYSRJ
75,lmPSJ9,https://menu.hotelcentralparque.com.br/?lmPSJ9
76,1YbSq8,https://menu.hotelcentralparque.com.br/?1YbSq8
77,kZjSzy,https://menu.hotelcentralparque.com.br/?kZjSzy
78,x85SVK,https://menu.hotelcentralparque.com.br/?x85SVK
79,xGNSPz,https://menu.hotelcentralparque.com.br/?xGNSPz
80,kgXSo7,https://menu.hotelcentralparque.com.br/?kgXSo7
81,xyeSGX,https://menu.hotelcentralparque.com.br/?xyeSGX
82,lzzSN7,https://menu.hotelcentralparque.com.br/?lzzSN7
83,1B3S5y,https://menu.hotelcentralparque.com.br/?1B3S5y
84,1qNS30,https://menu.hotelcentralparque.com.br/?1qNS30
85,xAPSMW,https://menu.hotelcentralparque.com.br/?xAPSMW
86,keySVB,https://menu.hotelcentralparque.com.br/?keySVB
87,lE9SBR,https://menu.hotelcentralparque.com.br/?lE9SBR
88,kOoSBe,https://menu.hotelcentralparque.com.br/?kOoSBe
89,kJ3Smr,https://menu.hotelcentralparque.com.br/?kJ3Smr
90,xDQS55,https://menu.hotelcentralparque.com.br/?xDQS55
91,1nASa6,https://menu.hotelcentralparque.com.br/?1nASa6
92,xRdSeV,https://menu.hotelcentralparque.com.br/?xRdSeV
93,1XKSeN,https://menu.hotelcentralparque.com.br/?1XKSeN
94,ljLSrW,https://menu.hotelcentralparque.com.br/?ljLSrW
95,la4SQ2,https://menu.hotelcentralparque.com.br/?la4SQ2
96,x6JSD7,https://menu.hotelcentralparque.com.br/?x6JSD7
97,144SDR,https://menu.hotelcentralparque.com.br/?144SDR
98,x0GSO2,https://menu.hotelcentralparque.com.br/?x0GSO2
99,kPBSKo,https://menu.hotelcentralparque.com.br/?kPBSKo
100,19jSND,https://menu.hotelcentralparque.com.br/?19jSND
